position,data_source,scraped_time,name,company_name
"Chairman,",https://gse.com.gh/Listed-Companies/company-profile/AGA,2017-10-11 15:55:49.817797,R. P. Edey,AngloGold Ashanti Limited
"Deputy Chairman,",https://gse.com.gh/Listed-Companies/company-profile/AGA,2017-10-11 15:55:49.820062,Dr. T. J. Motlatsi,AngloGold Ashanti Limited
Managing Member,https://gse.com.gh/Listed-Companies/company-profile/AGA,2017-10-11 15:55:49.820152,"Sipho Mila Pityana,",AngloGold Ashanti Limited
Managing Member,https://gse.com.gh/Listed-Companies/company-profile/AGA,2017-10-11 15:55:49.820197,"Prof. L. W. Nkuhlu,",AngloGold Ashanti Limited
Managing Member,https://gse.com.gh/Listed-Companies/company-profile/AGA,2017-10-11 15:55:49.820239,"Mr Ferdinand (Fred) Ohene-Kena,",AngloGold Ashanti Limited
Managing Member,https://gse.com.gh/Listed-Companies/company-profile/AGA,2017-10-11 15:55:49.820282,"Srinivasan Venkatakrishnan (Venkat) (CEO),",AngloGold Ashanti Limited
Managing Member,https://gse.com.gh/Listed-Companies/company-profile/AGA,2017-10-11 15:55:49.820322,"Srinivasan Venkatakrishnan (Venkat) (CEO),",AngloGold Ashanti Limited
Chairman,https://gse.com.gh/Listed-Companies/company-profile/ALW,2017-10-11 15:55:50.095334,Mr. Seth Adjei,Aluworks LTD
Managing Director,https://gse.com.gh/Listed-Companies/company-profile/ALW,2017-10-11 15:55:50.095404,Mr. E. Kwasi Okoh,Aluworks LTD
Member,https://gse.com.gh/Listed-Companies/company-profile/ALW,2017-10-11 15:55:50.095445,Togbe Afede XIV,Aluworks LTD
Member,https://gse.com.gh/Listed-Companies/company-profile/ALW,2017-10-11 15:55:50.095483,Mr. Victor K. Djangmah,Aluworks LTD
Member,https://gse.com.gh/Listed-Companies/company-profile/ALW,2017-10-11 15:55:50.095521,Mr. Anthony Ebow Spio,Aluworks LTD
Member,https://gse.com.gh/Listed-Companies/company-profile/ALW,2017-10-11 15:55:50.095559,Prof. Lade Wosornu,Aluworks LTD
Member,https://gse.com.gh/Listed-Companies/company-profile/ALW,2017-10-11 15:55:50.095596,Mr. Kingsley O. Ofosu Obeng,Aluworks LTD
Member,https://gse.com.gh/Listed-Companies/company-profile/ALW,2017-10-11 15:55:50.095633,Mr.Joseph Simple Siilo,Aluworks LTD
Managing Member,https://gse.com.gh/Listed-Companies/company-profile/ACI,2017-10-11 15:55:50.650104,Elkin Pianim-Executive Chairman,African Champion Industries Ltd.
Managing Member,https://gse.com.gh/Listed-Companies/company-profile/ACI,2017-10-11 15:55:50.650193,Samira Ibrahim Abu,African Champion Industries Ltd.
Managing Member,https://gse.com.gh/Listed-Companies/company-profile/ACI,2017-10-11 15:55:50.650253,Comfort Yamoah,African Champion Industries Ltd.
Managing Member,https://gse.com.gh/Listed-Companies/company-profile/ACI,2017-10-11 15:55:50.650311,Francis Kalitsi,African Champion Industries Ltd.
Managing Member,https://gse.com.gh/Listed-Companies/company-profile/ACI,2017-10-11 15:55:50.650365,Francis Kalitsi,African Champion Industries Ltd.
"Chairman,",https://gse.com.gh/Listed-Companies/company-profile/AADs,2017-10-11 15:55:52.112479,R. P. Edey,AngloGold Ashanti Limited
"Deputy Chairman,",https://gse.com.gh/Listed-Companies/company-profile/AADs,2017-10-11 15:55:52.112563,Dr. T. J. Motlatsi,AngloGold Ashanti Limited
Managing Member,https://gse.com.gh/Listed-Companies/company-profile/AADs,2017-10-11 15:55:52.112628,"F. B. Arisman,",AngloGold Ashanti Limited
Managing Member,https://gse.com.gh/Listed-Companies/company-profile/AADs,2017-10-11 15:55:52.112689,"Sipho Mila Pityana,",AngloGold Ashanti Limited
Managing Member,https://gse.com.gh/Listed-Companies/company-profile/AADs,2017-10-11 15:55:52.112743,"W. A. Nairn,",AngloGold Ashanti Limited
Managing Member,https://gse.com.gh/Listed-Companies/company-profile/AADs,2017-10-11 15:55:52.112796,"Prof. L. W. Nkuhlu,",AngloGold Ashanti Limited
Managing Member,https://gse.com.gh/Listed-Companies/company-profile/AADs,2017-10-11 15:55:52.112847,"Mr Ferdinand (Fred) Ohene-Kena,",AngloGold Ashanti Limited
Managing Member,https://gse.com.gh/Listed-Companies/company-profile/AADs,2017-10-11 15:55:52.112894,"M. Cutifani (CEO),",AngloGold Ashanti Limited
Managing Member,https://gse.com.gh/Listed-Companies/company-profile/AADs,2017-10-11 15:55:52.112940,S. Venkatakrishnan (CFO),AngloGold Ashanti Limited
Managing Member,https://gse.com.gh/Listed-Companies/company-profile/AADs,2017-10-11 15:55:52.113071,S. Venkatakrishnan (CFO),AngloGold Ashanti Limited
"Chairman,",https://gse.com.gh/Listed-Companies/company-profile/CAL,2017-10-11 15:55:53.408611,Paarock Van Percy,CAL Bank Limited
"Managing Director,",https://gse.com.gh/Listed-Companies/company-profile/CAL,2017-10-11 15:55:53.408681,"Frank Brako Adu Jnr.- Managing Director,",CAL Bank Limited
Executive Director;,https://gse.com.gh/Listed-Companies/company-profile/CAL,2017-10-11 15:55:53.408723,Philip Owiredu,CAL Bank Limited
Managing Member,https://gse.com.gh/Listed-Companies/company-profile/CAL,2017-10-11 15:55:53.408762,Philip Owiredu,CAL Bank Limited
Managing Member,https://gse.com.gh/Listed-Companies/company-profile/CAL,2017-10-11 15:55:53.408802,"Leonora Agyarko,",CAL Bank Limited
Managing Member,https://gse.com.gh/Listed-Companies/company-profile/CAL,2017-10-11 15:55:53.408842,"Dr. Kobina Quansah,",CAL Bank Limited
Managing Member,https://gse.com.gh/Listed-Companies/company-profile/CAL,2017-10-11 15:55:53.408881,"Malcolmn Dermott Pryor,",CAL Bank Limited
Managing Member,https://gse.com.gh/Listed-Companies/company-profile/CAL,2017-10-11 15:55:53.408920,"Malcolmn Dermott Pryor,",CAL Bank Limited
Managing Member,https://gse.com.gh/Listed-Companies/company-profile/CAL,2017-10-11 15:55:53.408958,"Malcolmn Dermott Pryor,",CAL Bank Limited
"Chairman,",https://gse.com.gh/Listed-Companies/company-profile/ADB,2017-10-11 15:55:54.380401,Mr. Alex Bernasko,Agricultural Development Bank
"Vice Chairman,",https://gse.com.gh/Listed-Companies/company-profile/ADB,2017-10-11 15:55:54.380482,Mr. Patrick Kingsley-Nyinah,Agricultural Development Bank
"Siakwan,",https://gse.com.gh/Listed-Companies/company-profile/ADB,2017-10-11 15:55:54.380536,Mr. Kwabena Dapaah,Agricultural Development Bank
Managing Member,https://gse.com.gh/Listed-Companies/company-profile/ADB,2017-10-11 15:55:54.380589,Mr. Kwabena Dapaah,Agricultural Development Bank
Managing Member,https://gse.com.gh/Listed-Companies/company-profile/ADB,2017-10-11 15:55:54.380641,Mr. Kwabena Dapaah,Agricultural Development Bank
Managing Member,https://gse.com.gh/Listed-Companies/company-profile/ADB,2017-10-11 15:55:54.380693,Mr. Kwabena Dapaah,Agricultural Development Bank
Managing Member,https://gse.com.gh/Listed-Companies/company-profile/ADB,2017-10-11 15:55:54.380743,Mr. Kwabena Dapaah,Agricultural Development Bank
Managing Member,https://gse.com.gh/Listed-Companies/company-profile/ADB,2017-10-11 15:55:54.380794,Mr. Kwabena Dapaah,Agricultural Development Bank
Managing Member,https://gse.com.gh/Listed-Companies/company-profile/ADB,2017-10-11 15:55:54.380845,Mr. Kwabena Dapaah,Agricultural Development Bank
Managing Member,https://gse.com.gh/Listed-Companies/company-profile/CMLT,2017-10-11 15:55:54.418063,MRS. ELIZABETH JOYCE VILLARS (CHAIRMAN),Camelot Ghana Ltd
Managing Member,https://gse.com.gh/Listed-Companies/company-profile/CMLT,2017-10-11 15:55:54.418157,MRS. CAROLINE ANDAH,Camelot Ghana Ltd
Managing Member,https://gse.com.gh/Listed-Companies/company-profile/CMLT,2017-10-11 15:55:54.418226,MR. JOHN COLIN VILLARS (Group Managing Director),Camelot Ghana Ltd
Managing Member,https://gse.com.gh/Listed-Companies/company-profile/CMLT,2017-10-11 15:55:54.418293,MRS. ELIZABETH ZORMELO,Camelot Ghana Ltd
Managing Member,https://gse.com.gh/Listed-Companies/company-profile/CMLT,2017-10-11 15:55:54.418359,PROF. ROBERT E. HINSON,Camelot Ghana Ltd
Managing Member,https://gse.com.gh/Listed-Companies/company-profile/CMLT,2017-10-11 15:55:54.418423,PROF. ROBERT E. HINSON,Camelot Ghana Ltd
Managing Member,https://gse.com.gh/Listed-Companies/company-profile/CPL,2017-10-11 15:55:56.479851,Nana Odeneho Kyeremateng (Executive,Comet Properties Ltd
Managing Member,https://gse.com.gh/Listed-Companies/company-profile/CPL,2017-10-11 15:55:56.479919,Chairman),Comet Properties Ltd
Managing Member,https://gse.com.gh/Listed-Companies/company-profile/CPL,2017-10-11 15:55:56.479963,Mr. Samuel Amponsah Kyeremateng,Comet Properties Ltd
Managing Member,https://gse.com.gh/Listed-Companies/company-profile/CPL,2017-10-11 15:55:56.480049,Mr. Osei Owusu,Comet Properties Ltd
Managing Member,https://gse.com.gh/Listed-Companies/company-profile/CPL,2017-10-11 15:55:56.480095,Mr. Sampson Awuah,Comet Properties Ltd
Managing Member,https://gse.com.gh/Listed-Companies/company-profile/CPL,2017-10-11 15:55:56.480145,Mr. Sampson Awuah,Comet Properties Ltd
"Chairman. Paul Jacquaye.   Nana Benyin Hutchful, Prof. Ellis Badu, Robert Alloh",https://gse.com.gh/Listed-Companies/company-profile/CLYD,2017-10-11 15:55:56.778846,George Prah,Clydestone (Ghana) Limited
"Chairman,George Mensah-Asante,Madam Evelyne Tall,Mrs Rosemary Yeboah,Awuraa Abena Asafo-Boakye,Martin Eson-Benjamin-Non-Executive Director",https://gse.com.gh/Listed-Companies/company-profile/EGH,2017-10-11 15:55:56.991533,"Lionel Van Lare Dosoo,Samuel Ashitey Adjei,Kofi Ansah, Morgan Fianko Asiedu,Thomas Chukwuemeka Awagu,Mrs Mariam Gabala Dao,Terrence Ronald Darko",Ecobank Ghana Ltd
Managing Member,https://gse.com.gh/Listed-Companies/company-profile/ETI,2017-10-11 15:55:59.669973,Albert Essien-Group Chief Executive Officer,Ecobank Transnational Incorporation
Managing Member,https://gse.com.gh/Listed-Companies/company-profile/ETI,2017-10-11 15:55:59.670044,Evelyne Tall-Deputy Group Chief Executive Officer,Ecobank Transnational Incorporation
Managing Member,https://gse.com.gh/Listed-Companies/company-profile/ETI,2017-10-11 15:55:59.670086,Evelyne Tall-Deputy Group Chief Executive Officer,Ecobank Transnational Incorporation
"Chairman,",https://gse.com.gh/Listed-Companies/company-profile/EGL,2017-10-11 15:56:01.076557,Trevor Trefgarne,Enterprise Group Limited
"Chief Executive Officer,",https://gse.com.gh/Listed-Companies/company-profile/EGL,2017-10-11 15:56:01.076626,Mr. Keli Gadzekpo,Enterprise Group Limited
Managing Member,https://gse.com.gh/Listed-Companies/company-profile/EGL,2017-10-11 15:56:01.076669,Mr. Keli Gadzekpo,Enterprise Group Limited
Managing Member,https://gse.com.gh/Listed-Companies/company-profile/EGL,2017-10-11 15:56:01.076709,Mr. Keli Gadzekpo,Enterprise Group Limited
Managing Member,https://gse.com.gh/Listed-Companies/company-profile/EGL,2017-10-11 15:56:01.076750,"Angela Ofori-Atta,",Enterprise Group Limited
Managing Member,https://gse.com.gh/Listed-Companies/company-profile/EGL,2017-10-11 15:56:01.076789,"Angela Ofori-Atta,",Enterprise Group Limited
"Group Chief Operations Officer,",https://gse.com.gh/Listed-Companies/company-profile/EGL,2017-10-11 15:56:01.076829,Cleland C. Bruce,Enterprise Group Limited
"Group Chief Finance Officer,",https://gse.com.gh/Listed-Companies/company-profile/EGL,2017-10-11 15:56:01.076868,Daniel Larbi-Tieku,Enterprise Group Limited
Non-Executive Director,https://gse.com.gh/Listed-Companies/company-profile/EGL,2017-10-11 15:56:01.076906,Fiifi Kwakye,Enterprise Group Limited
"Chairman, Jesper B. Jeppesen",https://gse.com.gh/Listed-Companies/company-profile/FML,2017-10-11 15:56:01.339128,Charles Mensa (Dr),Fan Milk Limited
Chairman,https://gse.com.gh/Listed-Companies/company-profile/GOIL,2017-10-11 15:56:02.759257,Prof. William A. Asomaning,Ghana Oil Company Limited
Managing Director,https://gse.com.gh/Listed-Companies/company-profile/GOIL,2017-10-11 15:56:02.759324,Mr. Patrick Akpe Kwame Akorli,Ghana Oil Company Limited
Member,https://gse.com.gh/Listed-Companies/company-profile/GOIL,2017-10-11 15:56:02.759365,Mr. Kojo Bonsu,Ghana Oil Company Limited
Member,https://gse.com.gh/Listed-Companies/company-profile/GOIL,2017-10-11 15:56:02.759402,Hon. Nii Laryea Afotey-Agbo,Ghana Oil Company Limited
Member,https://gse.com.gh/Listed-Companies/company-profile/GOIL,2017-10-11 15:56:02.759440,Nana Esuman Kwesi Yankah,Ghana Oil Company Limited
Bamfo,https://gse.com.gh/Listed-Companies/company-profile/GOIL,2017-10-11 15:56:02.759477,Mr. Eugene Akoto,Ghana Oil Company Limited
Member,https://gse.com.gh/Listed-Companies/company-profile/GOIL,2017-10-11 15:56:02.759514,Mr. Chris Kingsley Kobla A- Ackummey,Ghana Oil Company Limited
Member,https://gse.com.gh/Listed-Companies/company-profile/GOIL,2017-10-11 15:56:02.759588,Mr. Thomas Kofi Manu,Ghana Oil Company Limited
Member,https://gse.com.gh/Listed-Companies/company-profile/GOIL,2017-10-11 15:56:02.759629,Ms. Faustina Nelson,Ghana Oil Company Limited
Managing Member,https://gse.com.gh/Listed-Companies/company-profile/GSR,2017-10-11 15:56:04.125254,Tim Baker,Golden Star Resources Ltd.
Managing Member,https://gse.com.gh/Listed-Companies/company-profile/GSR,2017-10-11 15:56:04.125388,Sam Coetzer,Golden Star Resources Ltd.
Managing Member,https://gse.com.gh/Listed-Companies/company-profile/GSR,2017-10-11 15:56:04.125463,Anu Dhir,Golden Star Resources Ltd.
Managing Member,https://gse.com.gh/Listed-Companies/company-profile/GSR,2017-10-11 15:56:04.125520,Jeff Swinoga,Golden Star Resources Ltd.
Managing Member,https://gse.com.gh/Listed-Companies/company-profile/GSR,2017-10-11 15:56:04.125586,Chris Thompson,Golden Star Resources Ltd.
Managing Member,https://gse.com.gh/Listed-Companies/company-profile/GSR,2017-10-11 15:56:04.125640,Robert Doyle,Golden Star Resources Ltd.
Managing Member,https://gse.com.gh/Listed-Companies/company-profile/GSR,2017-10-11 15:56:04.125692,Craig Nelsen,Golden Star Resources Ltd.
Managing Member,https://gse.com.gh/Listed-Companies/company-profile/GSR,2017-10-11 15:56:04.125746,Tony Jensen,Golden Star Resources Ltd.
Managing Member,https://gse.com.gh/Listed-Companies/company-profile/GSR,2017-10-11 15:56:04.125822,Ian MacGregor,Golden Star Resources Ltd.
Managing Member,https://gse.com.gh/Listed-Companies/company-profile/GSR,2017-10-11 15:56:04.125894,Bill Yeates,Golden Star Resources Ltd.
Managing Member,https://gse.com.gh/Listed-Companies/company-profile/GSR,2017-10-11 15:56:04.125966,Daniel Owriedu,Golden Star Resources Ltd.
Managing Member,https://gse.com.gh/Listed-Companies/company-profile/GSR,2017-10-11 15:56:04.126050,Bruce Higson-Smith,Golden Star Resources Ltd.
Managing Member,https://gse.com.gh/Listed-Companies/company-profile/GSR,2017-10-11 15:56:04.126150,Martin Raffield,Golden Star Resources Ltd.
Managing Member,https://gse.com.gh/Listed-Companies/company-profile/GSR,2017-10-11 15:56:04.126244,Mark Thorpe,Golden Star Resources Ltd.
Managing Member,https://gse.com.gh/Listed-Companies/company-profile/GSR,2017-10-11 15:56:04.126302,Mark Thorpe,Golden Star Resources Ltd.
Chairman.,https://gse.com.gh/Listed-Companies/company-profile/GGBL,2017-10-11 15:56:04.179707,David Harlock,Guinness Ghana Breweries Ltd.
Managing.,https://gse.com.gh/Listed-Companies/company-profile/GGBL,2017-10-11 15:56:04.179790,Peter Ndegwa,Guinness Ghana Breweries Ltd.
Managing Member,https://gse.com.gh/Listed-Companies/company-profile/GGBL,2017-10-11 15:56:04.181686,"E. M. Boye,",Guinness Ghana Breweries Ltd.
Managing Member,https://gse.com.gh/Listed-Companies/company-profile/GGBL,2017-10-11 15:56:04.181876,"Mr. Charles Kimeria Mwangi,",Guinness Ghana Breweries Ltd.
Managing Member,https://gse.com.gh/Listed-Companies/company-profile/GGBL,2017-10-11 15:56:04.181930,"P. V. Obeng,",Guinness Ghana Breweries Ltd.
Managing Member,https://gse.com.gh/Listed-Companies/company-profile/GGBL,2017-10-11 15:56:04.181980,"Mr. Didier Francis Martial Leleu, Mr. James Kweku Inkoom,",Guinness Ghana Breweries Ltd.
Managing Member,https://gse.com.gh/Listed-Companies/company-profile/GGBL,2017-10-11 15:56:04.182038,"Katherine Joanna Seljeflot,",Guinness Ghana Breweries Ltd.
Managing Member,https://gse.com.gh/Listed-Companies/company-profile/GGBL,2017-10-11 15:56:04.182084,"H. Essie Humphrey-Ackuney,",Guinness Ghana Breweries Ltd.
Managing Member,https://gse.com.gh/Listed-Companies/company-profile/GGBL,2017-10-11 15:56:04.182130,"Mr. Leo Breen,",Guinness Ghana Breweries Ltd.
Managing Member,https://gse.com.gh/Listed-Companies/company-profile/GGBL,2017-10-11 15:56:04.182175,"Mr. Simon Harvey,",Guinness Ghana Breweries Ltd.
Managing Member,https://gse.com.gh/Listed-Companies/company-profile/GGBL,2017-10-11 15:56:04.182220,"Mr. Boudewijn Nicolaas Haarsma,",Guinness Ghana Breweries Ltd.
Managing Member,https://gse.com.gh/Listed-Companies/company-profile/GGBL,2017-10-11 15:56:04.182315,"Mr. Boudewijn Nicolaas Haarsma,",Guinness Ghana Breweries Ltd.
"Busines Development, Osei Asafo-Adjei",https://gse.com.gh/Listed-Companies/company-profile/HFC,2017-10-11 15:56:05.072723,"Nana Agyei Duku-Chairman, Asare Akuffo-Managing Director, Charles Ofori-Acquah-Executive Director",HFC Bank Ltd
Managing Director,https://gse.com.gh/Listed-Companies/company-profile/GCB,2017-10-11 15:56:05.293918,Simon Dornoo,Ghana Commercial Bank Limited
Chief Transformation Officer,https://gse.com.gh/Listed-Companies/company-profile/GCB,2017-10-11 15:56:05.293999,Samuel Sarpong,Ghana Commercial Bank Limited
Managing Member,https://gse.com.gh/Listed-Companies/company-profile/GCB,2017-10-11 15:56:05.294058,Samuel Sarpong,Ghana Commercial Bank Limited
Member,https://gse.com.gh/Listed-Companies/company-profile/GCB,2017-10-11 15:56:05.294113,Elliot Gordor,Ghana Commercial Bank Limited
Managing Member,https://gse.com.gh/Listed-Companies/company-profile/GCB,2017-10-11 15:56:05.294163,Elliot Gordor,Ghana Commercial Bank Limited
Managing Member,https://gse.com.gh/Listed-Companies/company-profile/GCB,2017-10-11 15:56:05.294216,Elliot Gordor,Ghana Commercial Bank Limited
Managing Member,https://gse.com.gh/Listed-Companies/company-profile/GCB,2017-10-11 15:56:05.294268,Elliot Gordor,Ghana Commercial Bank Limited
Managing Member,https://gse.com.gh/Listed-Companies/company-profile/GCB,2017-10-11 15:56:05.294323,Elliot Gordor,Ghana Commercial Bank Limited
Managing Member,https://gse.com.gh/Listed-Companies/company-profile/GCB,2017-10-11 15:56:05.294378,Elliot Gordor,Ghana Commercial Bank Limited
Managing Member,https://gse.com.gh/Listed-Companies/company-profile/GCB,2017-10-11 15:56:05.294437,Elliot Gordor,Ghana Commercial Bank Limited
Managing Member,https://gse.com.gh/Listed-Companies/company-profile/GCB,2017-10-11 15:56:05.294557,Mr. Martyn Andrew Kofi Gbordzor Mensah,Ghana Commercial Bank Limited
Managing Member,https://gse.com.gh/Listed-Companies/company-profile/GCB,2017-10-11 15:56:05.294608,Mr. Martyn Andrew Kofi Gbordzor Mensah,Ghana Commercial Bank Limited
"Chairman, Thomas Wabi Bello",https://gse.com.gh/Listed-Companies/company-profile/GWEB,2017-10-11 15:56:05.339597,Nana Serwaa Amponsah,Golden Web Ltd.
Board Chairman,https://gse.com.gh/Listed-Companies/company-profile/HORDS,2017-10-11 15:56:06.542484,Kobina Nkum Akwa,HORDS LTD
Chief Executive Officer,https://gse.com.gh/Listed-Companies/company-profile/HORDS,2017-10-11 15:56:06.542569,Harold Otabil,HORDS LTD
Executive Director,https://gse.com.gh/Listed-Companies/company-profile/HORDS,2017-10-11 15:56:06.542631,Michael Bogoro Taylor,HORDS LTD
Non-Executive Director,https://gse.com.gh/Listed-Companies/company-profile/HORDS,2017-10-11 15:56:06.542688,Kwame Ofori Asomaning,HORDS LTD
Non-Executive Director,https://gse.com.gh/Listed-Companies/company-profile/HORDS,2017-10-11 15:56:06.542744,Papa Wassa Chiefy Nduom,HORDS LTD
Managing Member,https://gse.com.gh/Listed-Companies/company-profile/MAC,2017-10-11 15:56:07.276341,"Mr. Eugene Addison, Director",Mega African Capital Limited
Managing Member,https://gse.com.gh/Listed-Companies/company-profile/MAC,2017-10-11 15:56:07.276417,"Mr. Kwesi Amonoo-Neizer, Director",Mega African Capital Limited
Managing Member,https://gse.com.gh/Listed-Companies/company-profile/MAC,2017-10-11 15:56:07.276465,"Mr. Opoku-Gyamfi Boateng, Director",Mega African Capital Limited
Managing Member,https://gse.com.gh/Listed-Companies/company-profile/MAC,2017-10-11 15:56:07.276509,"Mrs. Margaret Boateng Sekyere, Director",Mega African Capital Limited
Managing Member,https://gse.com.gh/Listed-Companies/company-profile/MAC,2017-10-11 15:56:07.276566,"Mrs. Rosalyn Darkwa, Director",Mega African Capital Limited
Managing Member,https://gse.com.gh/Listed-Companies/company-profile/MAC,2017-10-11 15:56:07.276608,"Mrs. Rosalyn Darkwa, Director",Mega African Capital Limited
CHAIRMAN,https://gse.com.gh/Listed-Companies/company-profile/MLC,2017-10-11 15:56:07.861680,C.B.K. ZWENNES,Mechanical Lloyd Company Ltd
MANAGING DIRECTOR,https://gse.com.gh/Listed-Companies/company-profile/MLC,2017-10-11 15:56:07.861851,T.R. DARKO,Mechanical Lloyd Company Ltd
Managing Member,https://gse.com.gh/Listed-Companies/company-profile/MLC,2017-10-11 15:56:07.861906,YAW ASSAH-SAM,Mechanical Lloyd Company Ltd
Managing Member,https://gse.com.gh/Listed-Companies/company-profile/MLC,2017-10-11 15:56:07.861950,C.S. AIDOO,Mechanical Lloyd Company Ltd
Managing Member,https://gse.com.gh/Listed-Companies/company-profile/MLC,2017-10-11 15:56:07.861992,N.K. BULLEY,Mechanical Lloyd Company Ltd
Managing Member,https://gse.com.gh/Listed-Companies/company-profile/MLC,2017-10-11 15:56:07.862039,A. LAWSON,Mechanical Lloyd Company Ltd
Managing Member,https://gse.com.gh/Listed-Companies/company-profile/MLC,2017-10-11 15:56:07.862130,KOFI ASAMOAH,Mechanical Lloyd Company Ltd
Managing Member,https://gse.com.gh/Listed-Companies/company-profile/MLC,2017-10-11 15:56:07.862230,KOFI ASAMOAH,Mechanical Lloyd Company Ltd
Chairman. Alhaji Abdul Rahman Isaka,https://gse.com.gh/Listed-Companies/company-profile/PKL,2017-10-11 15:56:10.229484,Togbe Afede XIV,Pioneer Kitchenware Ltd.
Chairman. Kojo Atta-Krah,https://gse.com.gh/Listed-Companies/company-profile/PBC,2017-10-11 15:56:10.306784,Dr. John Abu,Produce Buying Company Ltd.
Chairman & Managing. Nana Abaahoma Woode. Jacob Kholi. Gladys Afarchoe Odoi. Kweku E. Sam-Woode. Nana Kwesi Ofori. Collins Sam Acquah.,https://gse.com.gh/Listed-Companies/company-profile/SWL,2017-10-11 15:56:10.599961,Kwesi Sam-Woode,Sam Wood Ltd.
Managing Member,https://gse.com.gh/Listed-Companies/company-profile/PZC,2017-10-11 15:56:10.663630,JAMES B. JUDSON,PZ Cussons Ghana Ltd
Managing Member,https://gse.com.gh/Listed-Companies/company-profile/PZC,2017-10-11 15:56:10.663713,HELENA ADU-GYAMFI,PZ Cussons Ghana Ltd
Managing Member,https://gse.com.gh/Listed-Companies/company-profile/PZC,2017-10-11 15:56:10.663773,CHARLES JANNEY,PZ Cussons Ghana Ltd
Managing Member,https://gse.com.gh/Listed-Companies/company-profile/PZC,2017-10-11 15:56:10.663827,KWABENA PEPRAH,PZ Cussons Ghana Ltd
Managing Member,https://gse.com.gh/Listed-Companies/company-profile/PZC,2017-10-11 15:56:10.663882,PHIL DAVIES,PZ Cussons Ghana Ltd
Managing Member,https://gse.com.gh/Listed-Companies/company-profile/PZC,2017-10-11 15:56:10.663935,EMMANUEL AWOTWI,PZ Cussons Ghana Ltd
Managing Member,https://gse.com.gh/Listed-Companies/company-profile/PZC,2017-10-11 15:56:10.663986,EMMANUEL AWOTWI,PZ Cussons Ghana Ltd
CHAIRMAN,https://gse.com.gh/Listed-Companies/company-profile/SAMBA,2017-10-11 15:56:11.090962,CHARLES DARKO,Samba Foods Ltd
EXECUTIVE DIRECTOR,https://gse.com.gh/Listed-Companies/company-profile/SAMBA,2017-10-11 15:56:11.091035,LETICIA OSAFO-ADDO,Samba Foods Ltd
DIRECTOR,https://gse.com.gh/Listed-Companies/company-profile/SAMBA,2017-10-11 15:56:11.091080,KWAME OPOKU OSAFO-ADDO,Samba Foods Ltd
Managing Member,https://gse.com.gh/Listed-Companies/company-profile/SAMBA,2017-10-11 15:56:11.091124,AWO DEDE OSAFO-ADDO,Samba Foods Ltd
DIRECTOR,https://gse.com.gh/Listed-Companies/company-profile/SAMBA,2017-10-11 15:56:11.091165,FUSEINI ISSAH,Samba Foods Ltd
SECRETARY,https://gse.com.gh/Listed-Companies/company-profile/SAMBA,2017-10-11 15:56:11.091204,CHARLES ATTUAHENE,Samba Foods Ltd
Board Chairman,https://gse.com.gh/Listed-Companies/company-profile/SCB,2017-10-11 15:56:13.966260,Ishmael Yamson,Standard Chartered Bank Ghana Ltd.
Executive Director,https://gse.com.gh/Listed-Companies/company-profile/SCB,2017-10-11 15:56:13.966330,Mr. Henry Baye,Standard Chartered Bank Ghana Ltd.
Independent non,https://gse.com.gh/Listed-Companies/company-profile/SCB,2017-10-11 15:56:13.966372,Herbert Morrison,Standard Chartered Bank Ghana Ltd.
Independent non,https://gse.com.gh/Listed-Companies/company-profile/SCB,2017-10-11 15:56:13.966411,Felicia Gbesemete,Standard Chartered Bank Ghana Ltd.
Independent non,https://gse.com.gh/Listed-Companies/company-profile/SCB,2017-10-11 15:56:13.966450,Mr. Felix Addo,Standard Chartered Bank Ghana Ltd.
Addo-Chief Executive Officer,https://gse.com.gh/Listed-Companies/company-profile/SCB,2017-10-11 15:56:13.966538,J. Kweku Bedu,Standard Chartered Bank Ghana Ltd.
"Executive Director, Finance",https://gse.com.gh/Listed-Companies/company-profile/SCB,2017-10-11 15:56:13.966581,Mansa Nettey,Standard Chartered Bank Ghana Ltd.
Independent non,https://gse.com.gh/Listed-Companies/company-profile/SCB,2017-10-11 15:56:13.966619,Dr. E. Oteng Kumah,Standard Chartered Bank Ghana Ltd.
Independent Non-Executive Director,https://gse.com.gh/Listed-Companies/company-profile/SCB,2017-10-11 15:56:13.966658,Professor Akua Kuenyehia,Standard Chartered Bank Ghana Ltd.
Managing Member,https://gse.com.gh/Listed-Companies/company-profile/SOGEGH,2017-10-11 15:56:14.646082,"Kofi Ampim,",Societe Generale Ghana Limited
Managing Member,https://gse.com.gh/Listed-Companies/company-profile/SOGEGH,2017-10-11 15:56:14.646153,"Gilbert Hie,",Societe Generale Ghana Limited
Managing Member,https://gse.com.gh/Listed-Companies/company-profile/SOGEGH,2017-10-11 15:56:14.646199,"Borut Vujcic,",Societe Generale Ghana Limited
Managing Member,https://gse.com.gh/Listed-Companies/company-profile/SOGEGH,2017-10-11 15:56:14.646242,"Jose Rebollar,",Societe Generale Ghana Limited
Managing Member,https://gse.com.gh/Listed-Companies/company-profile/SOGEGH,2017-10-11 15:56:14.646284,"Alexandre Maymat,",Societe Generale Ghana Limited
Managing Member,https://gse.com.gh/Listed-Companies/company-profile/SOGEGH,2017-10-11 15:56:14.646325,"Michel Miaille,",Societe Generale Ghana Limited
Managing Member,https://gse.com.gh/Listed-Companies/company-profile/SOGEGH,2017-10-11 15:56:14.646366,Pierre Wolmarans,Societe Generale Ghana Limited
Managing Member,https://gse.com.gh/Listed-Companies/company-profile/SOGEGH,2017-10-11 15:56:14.646406,"Teresa Ntim,",Societe Generale Ghana Limited
Managing Member,https://gse.com.gh/Listed-Companies/company-profile/SOGEGH,2017-10-11 15:56:14.646446,"Nii Adja Nablah,",Societe Generale Ghana Limited
Managing Member,https://gse.com.gh/Listed-Companies/company-profile/SOGEGH,2017-10-11 15:56:14.646486,"Christian Celin,",Societe Generale Ghana Limited
Managing Member,https://gse.com.gh/Listed-Companies/company-profile/SOGEGH,2017-10-11 15:56:14.646525,"Christian Celin,",Societe Generale Ghana Limited
"Chairman. George Prah. Raziel Obeng-Okong. Gaylord Sedofia Kemevor. Eric Abeiku Coffie. Fouad Chalabi, Jonathan Sam, Romeo Bugyei",https://gse.com.gh/Listed-Companies/company-profile/TRANSOL,2017-10-11 15:56:15.509763,Paul Tse Jaquaye,Transol Solution (GHANA) Ltd
Chairman,https://gse.com.gh/Listed-Companies/company-profile/TLW,2017-10-11 15:56:17.056533,Aidan Heavey,Tullow Oil Plc
"Chief Executive Officer,",https://gse.com.gh/Listed-Companies/company-profile/TLW,2017-10-11 15:56:17.056600,Paul McDade,Tullow Oil Plc
"Chief Financial Officer,",https://gse.com.gh/Listed-Companies/company-profile/TLW,2017-10-11 15:56:17.056639,Les Wood,Tullow Oil Plc
"Exploration Director,",https://gse.com.gh/Listed-Companies/company-profile/TLW,2017-10-11 15:56:17.056676,Angus McCoss,Tullow Oil Plc
"Chief Operating Officer,",https://gse.com.gh/Listed-Companies/company-profile/TLW,2017-10-11 15:56:17.056713,Paul McDade,Tullow Oil Plc
"Company Secretary,",https://gse.com.gh/Listed-Companies/company-profile/TLW,2017-10-11 15:56:17.056748,Kevin Massie,Tullow Oil Plc
"Non-executive Director,",https://gse.com.gh/Listed-Companies/company-profile/TLW,2017-10-11 15:56:17.056784,Steve Lucas,Tullow Oil Plc
"Non-executive Director,",https://gse.com.gh/Listed-Companies/company-profile/TLW,2017-10-11 15:56:17.056820,Kofi Tutu Agyare,Tullow Oil Plc
"Non-executive Director,",https://gse.com.gh/Listed-Companies/company-profile/TLW,2017-10-11 15:56:17.056856,Jeremy Wilson,Tullow Oil Plc
"Non-executive Director,",https://gse.com.gh/Listed-Companies/company-profile/TLW,2017-10-11 15:56:17.056891,Anne Drinkwater,Tullow Oil Plc
"Non-executive Director,",https://gse.com.gh/Listed-Companies/company-profile/TLW,2017-10-11 15:56:17.056927,Mike Daly,Tullow Oil Plc
Non-executive Director,https://gse.com.gh/Listed-Companies/company-profile/TLW,2017-10-11 15:56:17.057007,Steve Luca,Tullow Oil Plc
"Chairman,",https://gse.com.gh/Listed-Companies/company-profile/UTB,2017-10-11 15:56:18.290881,Joseph Nsonamoah,UT Bank Limited
Executive Director,https://gse.com.gh/Listed-Companies/company-profile/UTB,2017-10-11 15:56:18.290965,Prince Kofi Amoabeng,UT Bank Limited
Non Executive Director,https://gse.com.gh/Listed-Companies/company-profile/UTB,2017-10-11 15:56:18.291020,Martyn Mensah,UT Bank Limited
Non Executive Director,https://gse.com.gh/Listed-Companies/company-profile/UTB,2017-10-11 15:56:18.291072,Linda Osei-Akoto,UT Bank Limited
Non Executive Director,https://gse.com.gh/Listed-Companies/company-profile/UTB,2017-10-11 15:56:18.291124,Mr. Alex Bernasko,UT Bank Limited
Non Executive Director,https://gse.com.gh/Listed-Companies/company-profile/UTB,2017-10-11 15:56:18.291175,Charles Sydney Aidoo,UT Bank Limited
Managing Member,https://gse.com.gh/Listed-Companies/company-profile/TOTAL,2017-10-11 15:56:20.661367,MR. THIBAULT DE LANGLAIS,Total Petroleum Ghana Ltd
Managing Member,https://gse.com.gh/Listed-Companies/company-profile/TOTAL,2017-10-11 15:56:20.661437,MR. OLIVIER VAN PARYS,Total Petroleum Ghana Ltd
Managing Member,https://gse.com.gh/Listed-Companies/company-profile/TOTAL,2017-10-11 15:56:20.661481,MR. REXFORD ADOMAKO-BONSU,Total Petroleum Ghana Ltd
Managing Member,https://gse.com.gh/Listed-Companies/company-profile/TOTAL,2017-10-11 15:56:20.661523,MR. MOMAR NGUER,Total Petroleum Ghana Ltd
Managing Member,https://gse.com.gh/Listed-Companies/company-profile/TOTAL,2017-10-11 15:56:20.661564,MR. EMMANUEL DE FOURNAS,Total Petroleum Ghana Ltd
Managing Member,https://gse.com.gh/Listed-Companies/company-profile/TOTAL,2017-10-11 15:56:20.661603,MR. GERARD PRUNEAU,Total Petroleum Ghana Ltd
Managing Member,https://gse.com.gh/Listed-Companies/company-profile/TOTAL,2017-10-11 15:56:20.661642,MR. EDWARD GYAMPOH,Total Petroleum Ghana Ltd
TWENEBOA,https://gse.com.gh/Listed-Companies/company-profile/TOTAL,2017-10-11 15:56:20.661681,MR. KWADWO OWUSU- TWENEBOA,Total Petroleum Ghana Ltd
Managing Member,https://gse.com.gh/Listed-Companies/company-profile/TOTAL,2017-10-11 15:56:20.661719,MR. KOFI AMPIM,Total Petroleum Ghana Ltd
Managing Member,https://gse.com.gh/Listed-Companies/company-profile/TOTAL,2017-10-11 15:56:20.661758,MR. JOHN SACKAH ADDO,Total Petroleum Ghana Ltd
Managing Member,https://gse.com.gh/Listed-Companies/company-profile/TOTAL,2017-10-11 15:56:20.661795,MR. JOHN SACKAH ADDO,Total Petroleum Ghana Ltd
Chairman,https://gse.com.gh/Listed-Companies/company-profile/UNIL,2017-10-11 15:56:24.789556,Ishmael E. Yamson,Unilever Ghana Limited
Vice Chairman,https://gse.com.gh/Listed-Companies/company-profile/UNIL,2017-10-11 15:56:24.789623,Mr. Luc Oliver Marquet,Unilever Ghana Limited
Managing Member,https://gse.com.gh/Listed-Companies/company-profile/UNIL,2017-10-11 15:56:24.789664,Mr. Clarence Derrick Lomotey Nartey,Unilever Ghana Limited
Managing Member,https://gse.com.gh/Listed-Companies/company-profile/UNIL,2017-10-11 15:56:24.789705,Charles A. Cofie,Unilever Ghana Limited
Managing Member,https://gse.com.gh/Listed-Companies/company-profile/UNIL,2017-10-11 15:56:24.789744,Joseph N-A Hyde,Unilever Ghana Limited
Managing Member,https://gse.com.gh/Listed-Companies/company-profile/UNIL,2017-10-11 15:56:24.789783,Franklyn A. Manu,Unilever Ghana Limited
Managing Member,https://gse.com.gh/Listed-Companies/company-profile/UNIL,2017-10-11 15:56:24.789822,Mr. Miguel Angel Jimenez Marquez,Unilever Ghana Limited
Managing Member,https://gse.com.gh/Listed-Companies/company-profile/UNIL,2017-10-11 15:56:24.789861,Mr. Moses Bamidele Amao,Unilever Ghana Limited
Managing Member,https://gse.com.gh/Listed-Companies/company-profile/UNIL,2017-10-11 15:56:24.789900,Maidie E. Arkutu,Unilever Ghana Limited
secretary,https://gse.com.gh/Listed-Companies/company-profile/UNIL,2017-10-11 15:56:24.789938,Ms. Elizabeth Donkoh,Unilever Ghana Limited
